Name,Neighborhood,Cuisine,Dining Style,Meals Served,Dress Code,Ratings,Price,Phone Number,Address,Website
29 Newbury,Back Bay , Contemporary American,Casual Elegant,3-Course Lunch &amp; 3-Course Dinner,Smart Casual,3.6,$30 and under,(617) 536-0290,"29 Newbury Street<br />Boston, MA  02116",http://www.29newbury.com
49 Social,Downtown Crossing , Contemporary French / American,Casual Elegant,3-Course Dinner only,Smart Casual,3.6,$30 and under,(617) 338-9600,"49 Temple Place<br />Boston, MA  02111",http://www.49social.com
606 Congress at Renaissance Boston,Seaport , Contemporary American,Casual Elegant,2-Course Lunch &amp; 3-Course Dinner,Business Casual,3.8,$30 and under,(617) 476-5606,"606 Congress Street<br />Boston, MA  02210",http://www.606congress.com
A Tavola,Winchester , Italian,Casual Dining,3-Course Dinner only,Casual Dress,4.2,$30 and under,(781) 729-1040,"34 Church St.<br />Winchester, MA  01890",http://www.atavolawinchester.com
Abby Park,Milton , Contemporary American,Fine Dining,3-Course Lunch &amp; 3-Course Dinner,Smart Casual,4.1,$30 and under,(617) 696-8700,"550 Adams Street<br />Milton, MA  02186",http://www.abbypark.com
Abe and Louie's Boston,Back Bay , Steakhouse,Fine Dining,2-Course Lunch only,Business Casual,4.3,$31 to $50,(617) 536-6300,"793 Boylston Street<br />Boston, MA  02116",http://www.abeandlouies.com
AKA Bistro Lincoln,Lincoln , French,Casual Dining,3-Course Lunch &amp; 3-Course Dinner,Casual Dress,4.0,$31 to $50,(781) 259-9920,"145 Lincoln Road<br />Lincoln, MA  01773",http://www.akabistrolincoln.com
Amelia's Trattoria,Cambridge , Italian,Casual Elegant,3-Course Dinner only,Casual Dress,4.2,$30 and under,(617) 868-7600,"111 Harvard St.<br />Cambridge, MA  02139",http://www.ameliastrattoria.com
Anthony's Pier 4,South Boston , Seafood,Fine Dining,3-Course Lunch &amp; 3-Course Dinner,Business Casual,4.1,$30 and under,(617) 482-6262,"140 Northern Avenue<br />Boston, MA  02210",http://www.pier4.com
Antico Forno,North End , Italian,Casual Dining,3-Course Lunch &amp; 3-Course Dinner,Business Casual,4.0,$30 and under,(617) 723-6733,"93 Salem Street<br />Boston, MA  02113",http://www.anticofornoboston.com
Aragosta Bar and Bistro,North End , Italian,Casual Dining,2-Course Lunch &amp; 3-Course,Smart Casual,4.2,$31 to $50,(617) 994-9001,"Three Battery Wharf<br />Boston, MA  02109",http://www.aragostabistro.com
Aria Trattoria,North End , Italian,Casual Elegant,3-Course Dinner only,Casual Dress,4.1,$31 to $50,(617) 742-1276,"253 Hanover St., 2nd Flr.<br />Boston, MA  02113",http://www.arianorthend.com
Artisan Bistro,Theater District , Contemporary American,Casual Elegant,3-Course Lunch &amp; 3-Course Dinner,Casual Dress,3.9,$30 and under,(617) 574-7176,"10 Avery Street<br />Boston, MA  02111",http://www.ritzcarlton.com/en/Properties/BostonCommon/Dining
Artu,North End , Italian,Casual Elegant,2-Course Lunch &amp; 3-Course Dinner ,Business Casual,4.1,$30 and under,(617) 742-4336,"6 Prince St.<br />Boston, MA  02113",http://www.artuboston.com
Asana,Back Bay , Contemporary American,Casual Elegant,3-Course Lunch &amp; 3-Course Dinner,Smart Casual,4.3,$30 and under,(617) 535-8800,"776 Boylston Street<br />Boston, MA  02199",http://www.mandarinoriental.com/boston/dining/asana/default.aspx
Atlantic Fish,Back Bay , Seafood,Casual Elegant,2-Course Lunch only,Business Casual,4.4,$30 and under,(617) 267-4000,"761 Boylston Street<br />Boston, MA  02116",http://www.atlanticfishco.com
Aura Restaurant,Seaport , Contemporary American,Casual Dining,2-Course Lunch &amp; 3-Course Dinner,Business Casual,3.9,$31 to $50,(617) 385-4300,"One Seaport Lane<br />Boston, MA  02210",http://www.aurarestaurant.com
Avenue One at the Hyatt Regency Boston,Theater District , American,Casual Elegant,2-Course Lunch &amp; 3-Course Dinner ,Business Casual,3.8,$30 and under,(617) 422-5579,"One Avenue de Lafayette<br />Boston, MA  02111",http://regencyboston.hyatt.com/hyatt/hotels/entertainment/restaurants/
Avila,Back Bay , Modern European,Casual Elegant,3-Course Dinner only,Business Casual,not available,$31 to $50,(617) 267-4810,"1 Charles Street South<br />Boston, MA  02116",http://www.avilarestaurant.com
B&G; Oysters,South End , Seafood,Casual Elegant,3-Course Lunch &amp; 3-Course Dinner ,Casual Dress,4.3,$31 to $50,(617) 423-0550,"550 Tremont street<br />Boston, MA  02118",http://www.bandgoysters.com
Bacco-Boston,North End , Italian,Casual Elegant,3-Course Dinner only,Business Casual,4.0,$31 to $50,(617) 624-0454,"107 Salem Street<br />Boston, MA  02119",http://www.bacconorthend.com/
Back Deck,Downtown Crossing , American,Casual Dining,3-Course Lunch &amp; 3-Course Dinner,Casual Dress,3.8,$30 and under,(617) 670-0320,"2 West Street<br />Boston, MA  02111",http://www.backdeckboston.com
Bambara Restaurant,Cambridge , American,Casual Dining,2-Course Lunch &amp; 3-Course Dinner,Casual Dress,4.1,$30 and under,(617) 868-4444,"25 Edwin H Land Blvd.<br />Cambridge, MA  02141",http://www.bambara-cambridge.com
Beacon Hill Bistro,Beacon Hill , French,Casual Elegant,3-Course Lunch &amp; 3-Course Dinner,Casual Dress,4.0,$31 to $50,(617) 723-1133,"25 Charles St<br />Boston, MA  02114",http://www.beaconhillhotel.com
Beehive,South End , American,Casual Dining,"Dinner &amp; Lunch, weekends only Also offering Saturday dinner ",Casual Dress,4.2,$30 and under,(617) 423-0069,"541 Tremont Street<br />Boston, MA  02116",http://www.beehiveboston.com
Bergamot,Somerville , Contemporary American,Casual Elegant,3-Course Dinner only,Casual Dress,4.3,$30 and under,(617) 576-7700,"118 Beacon Street<br />Somerville, MA  02143",http://www.bergamotrestaurant.com
Bistro 5,Medford , Italian,Casual Elegant,3-Course Dinner only,Business Casual,4.5,$31 to $50,(781) 395-7464,"5 Playstead Road<br />Medford, MA  02155",http://www.bistro5.com
Bistro du Midi,Back Bay , French,Casual Elegant,3-Course Dinner only,Smart Casual,4.4,$31 to $50,(617) 426-7878,"272 Boylston Street<br />Boston, MA  02116",http://www.bistrodumidi.com
Blu,Theater District , Contemporary American,Fine Dining,2-Course Lunch &amp; 3-Course Dinner,Smart Casual,3.7,$30 and under,(617) 375-8550,"4 Avery Street<br />Boston, MA  02111",http://www.blurestaurant.com
Blue Ginger,Wellesley , Fusion / Eclectic,Casual Elegant,2-Course Lunch &amp; 3-Course Dinner,Casual Dress,4.3,$50 and over,(781) 283-5790,"583 Washington St.<br />Wellesley, MA  02482",http://www.ming.com/
Blue Inc.,Financial District , Contemporary American,Casual Dining,2-Course Lunch &amp; 3-Course Dinner,Casual Dress,4.1,$30 and under,(617) 261-5353,"131 Broad St.<br />Boston, MA  02110",http://www.blueincboston.com
The Blue Room,Cambridge , Mediterranean,Casual Elegant,3-Course Dinner only,Casual Dress,4.0,$31 to $50,(617) 494-9034,"Hampshire and Portland streets<br />(in Kendall Square)<br />Cambridge, MA  02139",http://www.theblueroom.net
BOKX 109 American Prime,Newton , Steakhouse,Fine Dining,3-Course Dinner only,Business Casual,3.8,$50 and over,(617) 454-3399,"399 Grove Street<br />Newton, MA  02462",http://www.newtonBOKX.com
Brasserie Jo - Boston,Back Bay , French,Casual Dining,2-Course Lunch &amp; 3-Course Dinner,Casual Dress,4.0,$31 to $50,(617) 425-3240,"120 Huntington Avenue<br />Boston, MA  02116",http://www.brasseriejo.com
Bricco,North End , Italian,Casual Elegant,3-Course Dinner only,Smart Casual,4.2,$31 to $50,(617) 248-6800,"241 Hanover St.<br />Boston, MA  02113",http://www.bricco.com
Cafe Fleuri,Financial District , American,Casual Elegant,3-Course Lunch only,Business Casual,4.2,$31 to $50,(617) 451-1900 x7125,"250 Franklin St.<br />Boston, MA  02110",http://boston.langhamhotels.com
Cantina Italiana,North End , Italian,Casual Dining,2-Course Lunch &amp; 3-Course Dinner,Casual Dress,4.2,$31 to $50,(617) 723-4577,"346 Hanover Street<br />Boston, MA  02113",http://www.cantinaitaliana.com
Capital Grille - Boston,Back Bay , Steakhouse,Fine Dining,3-Course Lunch &amp; 3-Course Dinner,Business Casual,4.4,$50 and over,(617) 262-8900,"900 Boylston Street<br />at Dalton Street Entrance<br />Boston, MA  02115",http://www.thecapitalgrille.com
Capital Grille - Burlington,"Burlington, MA ", Steakhouse,Fine Dining,3-Course Lunch &amp; 3-Course Dinner,Business Casual,4.5,$50 and over,(781) 505-4130,"10 Wayside Road<br />Burlington, MA  01803",http://www.thecapitalgrille.com
Capital Grille - Chestnut Hill,Chestnut Hill , Steakhouse,Fine Dining,3-Course Lunch &amp; 3-Course Dinner,Business Casual,4.4,$50 and over,(617) 928-1400,"250 Boylston Street<br />Chestnut Hill, MA  02467",http://www.thecapitalgrille.com
Chart House Restaurant - Boston,Financial District , Seafood,Casual Elegant,3-Course Lunch &amp; 3-Course Dinner,Smart Casual,4.1,$31 to $50,(617) 227-1576,"60 Long Wharf<br />Boston, MA  02110",http://www.chart-house.com
Chez Henri,Cambridge , Contemporary French,Casual Elegant,3-Course Dinner only,Business Casual,3.9,$31 to $50,(617) 354-8980,"1 Shepard Street<br />Cambridge, MA  02138",http://www.chezhenri.com
Chiara Bistro,Westwood , Mediterranean,Casual Elegant,3-Course Dinner only,Smart Casual,4.4,$31 to $50,(781) 461-8118,"569 High Street<br />Westwood, MA  02090",http://www.chiarabistro.com
City Table,Back Bay , American,Casual Dining,3-Course Dinner only,Business Casual,4.0,$30 and under,(617) 933-4800,"61 Exeter Street<br />Boston, MA  02116",http://www.citytableboston.com
Clink - The Liberty Hotel,Beacon Hill , Contemporary American,Casual Elegant,3-Course Lunch &amp; 3-Course Dinner,Smart Casual,3.8,$31 to $50,(617) 224-4004,"215 Charles Street<br />Boston, MA  02114",http://www.libertyhotel.com/food_and_drink/clink.html
Club Caf,Back Bay , American,Casual Elegant,3-Course Dinner only,Casual Dress,4.0,$30 and under,(617) 536-0966,"209 Columbus Ave.<br />Boston, MA  02116",http://www.clubcafe.com
Da Vinci,South End , Italian,Fine Dining,3-Course Dinner only,Business Casual,4.5,$30 and under,(617) 350-0007,"162 Columbus Ave<br />Boston, MA  02116",http://www.davinciboston.com
Dalya's Restaurant,"Bedford, MA ", Mediterranean,Casual Elegant,3-Course Lunch &amp; 3-Course Dinner,Business Casual,4.4,$31 to $50,(781) 275-0700,"20 North Road<br />Bedford, MA  01730",http://www.dalyas.com
Dante,Cambridge , Italian,Casual Elegant,3-Course Dinner only,Casual Dress,4.1,$30 and under,(617) 497-4200,"40 Edwin H. Land Blvd<br />Cambridge, MA  02142",http://www.restaurantdante.com
Davide,North End , Italian,Fine Dining,3-Course Dinner only,Smart Casual,4.0,$31 to $50,(617) 227-5745,"326 Commercial Street<br />Boston, MA  02109",http://www.daviderestaurant.com
Davio's - Boston,Back Bay , Italian,Casual Elegant,3-Course Lunch &amp; 3-Course Dinner,Business Casual,not available,$31 to $50,(617) 357-4810,"75 Arlington Street<br />Boston, MA  02116",http://www.davios.com
Davio's Northern Italian Steakhouse at Patriot Place,Foxboro , Italian,Casual Elegant,3-Course Lunch &amp; 3-Course Dinner ,Business Casual,not available,$31 to $50,(508) 339-4810,"1 Patriot Place<br />Foxboro, MA  02035",http://www.davios.com
dbar,Dorchester , Contemporary American,Casual Dining,3-Course Dinner only,Smart Casual,4.2,$30 and under,(617) 265-4490,"1236 Dorchester Avenue<br />Dorchester, MA  02125",http://www.dbarboston.com
Del Frisco's Double Eagle Steak House - Boston,Seaport , Steakhouse,Fine Dining,3-Course Lunch only,Business Casual,4.2,$31 to $50,(617) 951-1368,"250 Northern Avenue<br />Boston, MA  02210",http://www.delfriscos.com
Durgin Park,Faneuil Hall , Seafood,Casual Elegant,2-Course Lunch &amp; 3-Course Dinner ,Casual Dress,3.8,$30 and under,(617) 227-2038,"340 Faneuil Hall Market Pl<br />Boston, MA  02109",http://www.durgin-park.com
Eastern Standard,Kenmore Square / Fenway , Contemporary American,Casual Elegant,3-Course Lunch only,Casual Dress,4.2,$31 to $50,(617) 532-9100,"528 Commonwealth Avenue<br />Boston, MA  02215",http://www.EasternStandardBoston.com
Ecco Boston,East Boston , Contemporary American,Casual Elegant,3-Course Dinner only,Business Casual,3.9,$30 and under,(617) 561-1112,"107 Porter Street<br />East Boston, MA  02128",http://www.eccoboston.com
The Elephant Walk - Waltham,Waltham , Cambodian,Casual Dining,3-Course Lunch &amp; 3-Course Dinner,Casual Dress,4.2,$30 and under,(781) 899-2244,"663 Main Street<br />Waltham, MA  02451",http://waltham.elephantwalk.com
"Elephant Walk, The - Boston",Back Bay , Cambodian,Casual Elegant,2-Course Lunch &amp; 3-Course Dinner,Casual Dress,4.2,$30 and under,(617) 247-1500,"900 Beacon Street<br />Boston, MA  02215",http://www.elephantwalk.com
"Elephant Walk, The - Cambridge",Cambridge , French,Casual Elegant,2-Course Lunch &amp; 3-Course Dinner,Business Casual,4.2,$30 and under,(617) 492-6900,"2067 Massachusetts Avenue<br />Cambridge, MA  02140",http://www.elephantwalk.com
Empire,Seaport , Contemporary Asian,Casual Elegant,3-Course Dinner only,Smart Casual,4.0,$31 to $50,(617) 295-0001,"One Marina Park Drive<br />Boston, MA  02210",http://bostonempire.com
erbaluce,Theater District , Italian,Casual Elegant,3-Course Dinner only,Smart Casual,4.4,$30 and under,(617) 426-6969,"69 Church Street<br />Boston, MA  02116",http://www.erbaluce-boston.com
Estragon,South End , Spanish,Casual Elegant,3-Course Dinner only,Casual Dress,4.0,$30 and under,(617) 266-0443,"700 Harrison Avenue<br />Boston, MA  02118",http://www.estragontapas.com
EVOO,Cambridge , Contemporary American,Casual Elegant,2-Course Lunch &amp; 3-Course Dinner,Business Casual,4.1,$31 to $50,(617) 661-3866,"350 3rd Street<br />Cambridge, MA  02142",http://www.evoorestaurant.com
The Fireplace Room At The International,Bolton , Contemporary American,Casual Elegant,3-Course Lunch &amp; 3-Course Dinner,Business Casual,4.4,$31 to $50,(978) 779-1380,"159 Ballville Road<br />Bolton, MA  01740",http://www.theinternational.com
Fleming's Steakhouse - Boston,Theater District , Steak,Fine Dining,3-Course Dinner only,Business Casual,4.3,$31 to $50,(617) 292-0808,"217 Stuart Street<br />Boston, MA  02116",http://www.flemingssteakhouse.com/Boston
Flora,Arlington , Contemporary American,Casual Elegant,3-Course Dinner only,Casual Dress,4.2,$30 and under,(781) 641-1664,"190 Massachusetts Ave.<br />Arlington, MA  02474",http://www.florarestaurant.com
Forum,Back Bay , Contemporary American,Casual Elegant,2-Course Lunch &amp; 3-Course Dinner,Smart Casual,4.0,$30 and under,(857) 991-1831,"755 Boylston Street<br />Boston, MA  02116",http://www.forumboston.com
FuGaKyu Japanese Cuisine,Brookline , Japanese,Casual Elegant,3-Course Lunch &amp; 3-Course Dinner,Casual Dress,4.3,$30 and under,(617) 738-1268,"1280 Beacon Street<br />Brookline, MA  02446",http://www.fugakyu.net
Gaslight,South End , French,Casual Dining,3-Course Dinner only,Smart Casual,4.1,$30 and under,(617) 422-0224,"560 Harrison Avenue<br />Boston, MA  02118",http://www.gaslight560.com
Gem,Downtown Crossing , Contemporary American,Casual Elegant,3-Course Dinner only,Smart Casual,3.7,$30 and under,(617) 482-1213,"42 Province Street<br />Boston, MA  02108",http://www.gemboston.com
Gennaro's 5 North Square,North End , Italian,Casual Dining,3-Course Lunch &amp; 3-Course Dinner ,Smart Casual,4.1,$30 and under,(617) 720-1050,"5 North Square<br />Boston, MA  02113",http://www.5northsquare.com
Golden Temple,Brookline , Chinese,Casual Dining,3-Course Dinner only,Casual Dress,4.2,$30 and under,(617) 277-9722,"1651 Beacon Street<br />Brookline, MA  02445",http://www.healthyfreshfood.com
Grafton Street Pub and Grill,Cambridge , Contemporary American,Casual Dining,2-Course Lunch &amp; 3-Course,Casual Dress,4.0,$30 and under,(617) 497-0400,"1230 Massachusetts Ave<br />Cambridge, MA  02138",http://www.graftonstreetcambridge.com
Grill 23 &amp; Bar,Back Bay , American,Fine Dining,3-Course Dinner only,Business Casual,4.3,$50 and over,(617) 542-2255,"161 Berkeley Street<br />Boston, MA  02116",http://www.grill23.com
Grotto,Beacon Hill , Italian,Casual Dining,3-Course Lunch &amp; 3-Course Dinner,Casual Dress,4.4,$31 to $50,(617) 227-3434,"37 Bowdoin Street<br />Boston, MA  02114",http://www.grottorestaurant.com
Haru Sushi - Boston,Back Bay , Sushi,Casual Elegant,3-Course Lunch &amp; 3-Course Dinner ,Casual Dress,3.8,$30 and under,(617) 536-0770,"55 Huntington Ave<br />Boston, MA  02199",http://www.harusushi.com
Harvest,Cambridge , Contemporary American,Casual Elegant,2-Course Lunch &amp; 3-Course Dinner ,Business Casual,4.3,$31 to $50,(617) 868-2255,"44 Brattle Street (on the walkway)<br />Cambridge, MA  02138",http://www.harvestcambridge.com
Henrietta's Table,Harvard Square , American,Home Style,3-Course Lunch &amp; 3-Course Dinner,Casual Dress,4.1,$31 to $50,(617) 661-5005,"One Bennett St.<br />Cambridge, MA  02138",http://www.henriettastable.com
The Hungry I,Beacon Hill , French,Fine Dining,3-Course Lunch &amp; 3-Course Dinner,Smart Casual,3.7,$50 and over,(617) 227-3524,"71 1/2 Charles Street<br />Boston, MA  02114",http://www.hungryiboston.com
Joe's American Bar and Grill - Boston,Back Bay , American,Casual Dining,2-Course Lunch &amp; 3-Course Dinner,Smart Casual,3.9,$30 and under,(617) 536-4200,"181 Newbury Street<br />Boston, MA  02116",http://www.joesamerican.com
Kika Tapas,Cambridge , Tapas / Small Plates,Casual Dining,3-Course Lunch &amp; 3-Course Dinner,Smart Casual,4.2,$30 and under,(617) 245-6030,"9 Broad Canal Way<br />Cambridge, MA  02142",http://www.kikatapas.com
Kitchen,South End , American,Fine Dining,3-Course Dinner only,Casual Dress,4.0,$31 to $50,(617) 695-1250,"560 Tremont St<br />Boston, MA  02118",http://www.kitchenbostonmass.com
La Morra,Brookline , Italian,Casual Elegant,3-Course Dinner only,Casual Dress,4.3,$31 to $50,(617) 739-0007,"48 Boylston Street<br />Brookline, MA  02445",http://www.lamorra.com
La Voile,Back Bay , French,Casual Elegant,2-Course Lunch &amp; 3-Course Dinner,Business Casual,4.5,$30 and under,(617) 587-4200,"261 Newbury Street<br />Boston, MA  02116",http://www.lavoileboston.net
L'Andana,"Burlington, MA ", Italian,Casual Elegant,3-Course Dinner only,Business Casual,4.4,$31 to $50,(781) 270-0100,"86 Cambridge Street<br />Burlington, MA  01803",http://www.landanagrill.com
Legal Harborside - Floor 1 Restaurant and Market,Seaport , Seafood,Casual Dining,3-Course Dinner only,Casual Dress,4.2,$30 and under,(617) 477-2900,"270 Northern Ave.<br />Boston, MA  02210",http://www.legalseafoods.com/restaurants/boston-legal-harborside-floor-1
Legal Sea Foods - Chestnut Hill,Chestnut Hill , Seafood,Casual Dining,3-Course Lunch &amp; 3-Course Dinner,Casual Dress,4.1,$31 to $50,(617) 277-7300,"43 Boylston St<br />Chestnut Hill, MA  02467",http://www.legalseafoods.com/Restaurants/Chestnut-Hill-Chestnut-Hill-Shopping-Center
Legal Sea Foods - Copley Place,Back Bay , Seafood,Casual Dining,3-Course Lunch &amp; 3-Course Dinner,Casual Dress,4.2,$31 to $50,(617) 266-7775,"100 Huntington Avenue<br />Boston, MA  02116",http://www.legalseafoods.com/Restaurants/Boston-Copley-Place
Legal Sea Foods - Park Square,Theater District , Seafood,Casual Dining,3-Course Lunch &amp; 3-Course Dinner,Casual Dress,4.2,$31 to $50,(617) 426-4444,"26 Park Place<br />Boston, MA  02116",http://www.legalseafoods.com/Restaurants/Boston-Park-Square
Les Zygomates Wine Bar Bistro,Leather District , French,Casual Elegant,3-Course Dinner only,Smart Casual,4.0,$31 to $50,(617) 542-5108,"129 South Street<br />Boston, MA  02111",http://www.winebar.com
Lineage,Brookline , American,Casual Elegant,3-Course Dinner only,Casual Dress,4.3,$31 to $50,(617) 232-0065,"242 Harvard Street<br />Brookline, MA  02446",http://www.lineagerestaurant.com
Lucca,North End , Italian,Casual Elegant,3-Course Dinner only,Casual Dress,4.1,$31 to $50,(617) 742-9200,"226 Hanover St.<br />Boston, MA  02113",http://www.luccaboston.com
Lucca Back Bay,Back Bay , Italian,Fine Dining,3-Course Dinner only,Business Casual,4.1,$31 to $50,(617) 247-2400,"116 Huntington Avenue<br />Boston, MA  02116",http://www.luccaboston.com
Lucia Ristorante,North End , Italian,Casual Dining,3-Course Lunch &amp; 3-Course Dinner ,Business Casual,4.1,$30 and under,(617) 367-2353,"415 Hanover Street<br />Boston, MA  02113",http://www.luciaboston.com
The Maharaja,Cambridge , Indian,Casual Elegant,2-Course Lunch &amp; 3-Course Dinner ,Smart Casual,4.2,$30 and under,(617) 547-2757,"57 JFK Street<br />Cambridge, MA  02138",http://www.maharajaboston.com
Mamma Maria,North End , Italian,Casual Dining,3-Course Dinner only,Business Casual,4.5,$31 to $50,(617) 523-0077,"3 North Square<br />Boston, MA  02113",http://www.mammamaria.com/
Mare,North End , Seafood,Casual Elegant,3-Course Dinner only,Casual Dress,4.2,$31 to $50,(617) 723-6273,"135 Richmond Street<br />Boston, MA  02109",http://www.mareoysterbar.com
Market by Jean Georges,Theater District , Fusion / Eclectic,Casual Elegant,3-Course Lunch &amp; 3-Course Dinner,Business Casual,4.1,$31 to $50,(617) 310-6790,"100 Stuart Street<br />Boston, MA  02116",http://www.marketbyjgboston.com
Marliave,Downtown Crossing , American,Fine Dining,3-Course Lunch &amp; 3-Course Dinner,Business Casual,4.2,$30 and under,(617) 422-0004,"10 Bosworth Street<br />Boston, MA  02108",http://www.marliave.com
Masa Southwest Bar and Grill,Woburn , Southwest,Casual Dining,2-Course Lunch &amp; 3-Course Dinner,Business Casual,3.9,$30 and under,(781) 938-8886,"350 Cambridge Road<br />Woburn, MA  01801",http://www.masarestaurant.com
Masona Grill,West Roxbury , Contemporary American,Casual Dining,3-Course Dinner only,Casual Dress,4.3,$30 and under,(617) 323-3331,"4 Corey Street<br />West Roxbury, MA  02132",http://masonagrill.com
Max Brenner - Boston,Back Bay , Comfort Food,Casual Dining,3-Course Lunch &amp; 3-Course Dinner,Casual Dress,3.9,$30 and under,(617) 274-1741,"745 Boylston Street<br />Boston, MA  02116",http://www.maxbrenner.com
McCormick &amp; Schmick's - Boston - Park Plaza,Theater District , Seafood,Casual Dining,3-Course Lunch &amp; 3-Course Dinner,Smart Casual,3.7,$30 and under,(617) 482-3999,"34 Columbus Avenue<br />Boston, MA  02116",http://www.McCormickandSchmicks.com/Boston
McCormick &amp; Schmick's Seafood - Faneuil Hall,Faneuil Hall , Seafood,Casual Dining,3-Course Lunch &amp; 3-Course Dinner,Casual Dress,3.7,$31 to $50,(617) 720-5522,"North Market Building<br />Faneuil Hall<br />Boston, MA  02109",http://www.McCormickandSchmicks.com/Boston
The Melting Pot - Bedford,"Bedford, MA ", Fondue,Casual Elegant,3-Course Dinner only,Business Casual,4.1,$31 to $50,(781) 791-0529,"213 Burlington Road<br />Bedford, MA  01730",http://www.meltingpot.com/bedford-burlington/welcome
The Melting Pot - Boston - Back Bay,Back Bay , Fondue,Casual Elegant,3-Course Lunch &amp; 3-Course Dinner,Smart Casual,4.0,$31 to $50,(617) 357-7007,"76 Arlington St.<br />Boston, MA  02116",http://www.meltingpot.com/boston-back-bay/specials
The Melting Pot - Framingham,Framingham , Fondue,Casual Elegant,3-Course Dinner only,Business Casual,4.1,$31 to $50,(508) 875-3115,"92 Worcester Road<br />Framingham, MA  01702",http://www.meltingpot.com/framingham-natick/specials
Meritage - The Restaurant,Financial District , American,Fine Dining,3-Course Dinner only,Business Casual,4.2,$50 and over,(617) 439-3995,"70 Rowes Wharf<br />Boston, MA  02110",http://www.meritagetherestaurant.com
MET Back Bay,Back Bay , American,Casual Elegant,3-Course Lunch &amp; 3-Course Dinner,Smart Casual,3.9,$31 to $50,(617) 267-0451,"279 Dartmouth Street<br />Boston, MA  02116",http://www.metbackbay.com
Metropolis Cafe,South End , Mediterranean,Casual Dining,3-Course Dinner only,Smart Casual,4.1,$30 and under,(617) 247-2931,"584 Tremont Street<br />Boston, MA  02118",http://www.metropolisboston.com
Metropolitan Club,Chestnut Hill , American,Casual Elegant,3-Course Lunch &amp; 3-Course Dinner,Casual Dress,3.6,$31 to $50,(617) 731-0600,"1210 Boylston Street<br />Chestnut Hill, MA  02467",http://www.metclubandbar.com
Miel at the InterContinental Hotel Boston,Financial District , French,Casual Elegant,3-Course Dinner only,Business Casual,4.0,$30 and under,(617) 217-5151,"510 Atlantic Ave.<br />Boston, MA  02210",http://www.intercontinentalboston.com
Mistral - Boston,Back Bay , French,Casual Elegant,3-Course Dinner only,Business Casual,4.4,$31 to $50,(617) 867-9300,"223 Columbus Ave.<br />Boston, MA  02116",http://www.mistralbistro.com
Mooo,Beacon Hill , American,Casual Elegant,3-Course Lunch only,Business Casual,4.2,$31 to $50,(617) 670-2515,"15 Beacon St.<br />Boston, MA  02108",http://www.mooorestaurant.com
Morton's The Steakhouse - Boston Seaport,Seaport , Steakhouse,Fine Dining,3-Course Lunch &amp; 3-Course Dinner,Business Casual,4.3,$50 and over,(617) 526-0410,"World Trade Center East<br />2 Seaport Lane<br />Boston, MA  02210",http://www.mortons.com
Nico,North End , Italian,Casual Dining,3-Course Lunch &amp; 3-Course Dinner,Business Casual,4.3,$30 and under,(617) 742-0404,"417 Hanover Street<br />Boston, MA  02113",http://www.nicoboston.com
Nix's Mate,Financial District , Contemporary American,Casual Elegant,2-Course Lunch &amp; 3-Course Dinner,Business Casual,3.9,$30 and under,(617) 348-1234,"89 Broad Street<br />Boston, MA  02110",http://www.nixsmate.com
No. 9 Park,Beacon Hill , Italian,Fine Dining,3-Course Dinner only,Business Casual,4.4,$50 and over,(617) 742-9991,"9 Park Street<br />Boston, MA  02108",http://www.no9park.com
North 26 Restaurant &amp; Bar,Faneuil Hall , American,Casual Elegant,2-Course Lunch &amp; 3-Course Dinner,Casual Dress,4.0,$30 and under,(617) 557-3640,"26 North Street<br />Boston, MA  02109",not available
Nubar,Cambridge , Contemporary American,Casual Elegant,3-Course Dinner only,Smart Casual,4.0,$30 and under,(617) 234-1365,"16 Garden Street<br />Cambridge, MA  02138",http://www.nubarcambridge.com
Oceanaire Seafood Room - Boston,Financial District , Seafood,Fine Dining,3-Course Lunch &amp; 3-Course Dinner,Business Casual,4.2,$31 to $50,(617) 742-2277,"40 Court Street<br />Boston, MA  02108",http://www.theoceanaire.com
Oishii Boston,South End , Sushi,Casual Elegant,3-Course Lunch only,Smart Casual,4.3,$50 and over,(617) 482-8868,"1166 Washington Street<br />Boston, MA  02118",http://oishiiboston.com/
Ol Mexican Grill,Cambridge , Mexican,Casual Elegant,2-Course Lunch &amp; 3-Course Dinner,Smart Casual,4.1,$30 and under,(617) 492-4495,"11 Springfield Street<br />Cambridge, MA  02139",http://www.olerestaurantgroup.com
Olives - Charlestown,Charlestown , Mediterranean,Casual Elegant,3-Course Dinner only,Business Casual,3.9,$31 to $50,(617) 242-1999,"10 City Square<br />Charlestown, MA  02129",http://www.toddenglish.com
Osaka Japanese Sushi and Steakhouse,Brookline , Japanese,Casual Elegant,2-Course Lunch &amp; 3-Course Dinner,Smart Casual,4.0,$30 and under,(617) 732-0088,"14 Green Street<br />Brookline, MA  02446",http://www.OsakaBrookline.com
Papa Razzi- Boston,Back Bay , Italian,Casual Elegant,2-Course Lunch &amp; 3-Course Dinner,Casual Dress,4.0,$30 and under,(617) 536-9200,"159 Newbury Street<br />Boston, MA  02115",http://www.paparazzitrattoria.com
PARK Restaurant &amp; Bar,Cambridge , Contemporary American,Casual Dining,3-Course Dinner only,Casual Dress,4.0,$30 and under,(617) 491-9851,"59 JFK St.<br />Cambridge, MA  02138",http://www.parkcambridge.com
Parker's Restaurant - Omni Parker House,Beacon Hill , American,Fine Dining,3-Course Lunch &amp; 3-Course Dinner,Business Casual,4.3,$31 to $50,(617) 725-1600,"60 School St.<br />Boston, MA  02108",http://omnihotels.com/FindAHotel/BostonParkerHouse/Dining/ParkersRestaurant.aspx
Petit Robert Bistro,Kenmore Square / Fenway , French,Casual Dining,3-Course Lunch &amp; 3-Course Dinner,Casual Dress,4.2,$30 and under,(617) 375-0699,"468 Commonwealth Ave.<br />Boston, MA  02215",http://www.petitrobertbistro.com
Petit Robert Bistro Columbus Avenue,South End , French,Casual Elegant,2-Course Lunch &amp; 3-Course Dinner,Casual Dress,3.9,$30 and under,(617) 867-0600,"480 Columbus Avenue<br />Boston, MA  02215",http://www.petitrobertbistro.com
Pierrot Bistrot Francais,Downtown Crossing , French,Casual Elegant,3-Course Lunch &amp; 3-Course Dinner,Smart Casual,not available,$30 and under,(617) 725-8855,"272 Cambridge St<br />Boston, MA  02114",http://pierrotbistrot.com
Post 390,Back Bay , Contemporary American,Casual Elegant,3-Course Lunch &amp; 3-Course Dinner,Smart Casual,4.0,$31 to $50,(617) 399-0015,"406 Stuart Street<br />Boston, MA  02116",http://www.post390restaurant.com
Radius,Financial District , French,Fine Dining,3-Course Dinner only,Business Casual,4.2,$31 to $50,(617) 426-1234,"8 High Street<br />Boston, MA  02110",http://www.radiusrestaurant.com
Red Lantern,Back Bay , Contemporary Asian,Casual Elegant,3-Course Dinner only,Smart Casual,4.0,$30 and under,(617) 262-3900,"39 Stanhope Street<br />Boston, MA  02116",http://www.redlanternboston.com
Ristorante Fiore,North End , Italian,Casual Elegant,3-Course Lunch &amp; 3-Course Dinner,Casual Dress,4.4,$31 to $50,(617) 371-1176,"250 Hanover Street<br />Boston, MA  02113",http://www.ristorantefiore.com
Rosa Mexicano- Boston,Seaport , Mexican,Casual Elegant,3-Course Lunch &amp; 3-Course Dinner,Smart Casual,3.9,$30 and under,(617) 476-6122,"155 Seaport Boulevard<br />Boston, MA  10019",http://www.rosamexicano.com
Rowes Wharf Sea Grille,Financial District , Seafood,Casual Elegant,3-Course Dinner only,Business Casual,4.0,$30 and under,(617) 856-7744,"70 Rowes Wharf<br />Boston, MA  02110",http://www.roweswharfseagrille.com
Russell House Tavern,Cambridge , American,Casual Dining,2-Course Lunch &amp; 3-Course Dinner,Casual Dress,4.1,$30 and under,(617) 500-3055,"14 JFK Street<br />Cambridge, MA  02138",http://russellhousecambridge.com
Ruth's Chris Steak House - Boston,Financial District , Steak,Casual Elegant,3-Course Lunch &amp; 3-Course Dinner,Business Casual,4.4,$31 to $50,(617) 742-8401,"45 School Street<br />Old City Hall<br />Boston, MA  02108",http://www.ruthschris.com/Steak-House/4999/Boston
Sandrine's,Cambridge , French,Casual Dining,2-Course Lunch &amp; 3-Course Dinner,Casual Dress,4.3,$31 to $50,(617) 497-5300,"8 Holyoke St.<br />Cambridge, MA  02138",http://www.sandrines.com
Savino's,Belmont , Italian,Fine Dining,3-Course Dinner only,Smart Casual,4.4,$30 and under,(617) 484-3499,"449 Common Street<br />Belmont, MA  02478",http://www.savinosgrill.com
Scampo at The Liberty Hotel,Beacon Hill , Italian,Casual Dining,2-Course Lunch only,Casual Dress,4.1,$31 to $50,(617) 536-2100,"215 Charles Street<br />Boston, MA  02114",http://www.scampoboston.com
Serafina Ristorante,"Concord, MA ", Italian,Casual Dining,2-Course Lunch &amp; 3-Course,Casual Dress,3.9,$30 and under,(978) 371-9050,"195 Sudbury Road<br />Concord, MA  01742",http://www.serafinaristorante.com
Sibling Rivalry,South End , American,Casual Elegant,3-Course Dinner only,Business Casual,3.2,$30 and under,(617) 338-5338,"525 Tremont St.<br />Boston, MA  02116",http://www.siblingrivalryboston.com
Skipjack's Boston,Back Bay , Seafood,Casual Elegant,3-Course Lunch &amp; 3-Course Dinner,Business Casual,3.8,$30 and under,(617) 536-3500,"199 Clarendon St.<br />Boston, MA  02116",http://www.skipjacks.com
Smith &amp; Wollensky Boston  Atlantic Wharf,Seaport , Steakhouse,Casual Elegant,3-Course Lunch &amp; 3-Course Dinner ,Business Casual,4.4,$31 to $50,(617) 778-2200,"294 Congress St.<br />Boston, MA  02110",http://www.smithandwollensky.com
Smith &amp; Wollensky Boston  Back Bay,Back Bay , Steakhouse,Casual Elegant,3-Course Dinner only,Business Casual,4.2,$50 and over,(617) 423-1112,"101 Arlington St. The Castle at Columbus Ave.<br />Boston, MA  02116",http://www.smithandwollensky.com
Sofia Italian Steakhouse,West Roxbury , Italian,Casual Elegant,2-Course Lunch &amp; 3-Course,Business Casual,4.3,$30 and under,(617) 469-2600,"1430 VFW Parkway<br />West Roxbury, MA  02132",http://www.sofiaboston.com    
Sol Azteca Restaurant,Back Bay , Mexican / Southwestern,Casual Elegant,3-Course Dinner only,Casual Dress,4.3,$30 and under,(617) 262-0909,"914A Beacon Street<br />Boston, MA  02215",http://www.solaztecarestaurants.com
Solea Restaurant and Tapas Bar,Waltham , Tapas / Small Plates,Casual Elegant,3-Course Dinner only,Smart Casual,4.1,$31 to $50,(781) 894-1805,"388 Moody Street<br />Waltham, MA  02453",http://www.solearestaurant.com
Sorellina,Back Bay , Italian,Casual Elegant,3-Course Dinner only,Business Casual,4.5,$50 and over,(617) 412-4600,"One Huntington Ave.<br />Boston, MA  02116",http://www.sorellinaboston.com
Sorriso,Leather District , Italian,Casual Dining,3-Course Dinner only,Casual Dress,3.9,$30 and under,(617) 259-1560,"107 South Street<br />Boston, MA  02111",http://www.sorrisoboston.com
Stanhope Grille at The Back Bay Hotel,Back Bay , Contemporary American,Casual Elegant,3-Course Dinner only,Smart Casual,4.1,$30 and under,(617) 532-3849,"350 Stuart St.<br />Boston, MA  02116",http://www.stanhopegrille.com
Strega North End,North End , Italian,Casual Elegant,3-Course Lunch &amp; 3-Course Dinner,Casual Dress,4.3,$31 to $50,(617) 523-8481,"379 Hanover Street<br />Boston, MA  02113",http://www.stregaristorante.com
Strega Waterfront,South Boston , Italian,Casual Elegant,3-Course Lunch only,Smart Casual,4.4,$31 to $50,(617) 345-3992,"1 Marina Park Drive<br />Boston, MA  02210",http://www.stregawaterfront.com
Summer Shack,Back Bay , Seafood,Casual Dining,3-Course Lunch &amp; 3-Course Dinner,Casual Dress,4.0,$30 and under,(617) 867-9955,"50 Dalton St.<br />Boston, MA  02115",http://www.summershackrestaurant.com
Summer Shack Cambridge,Cambridge , Seafood,Casual Dining,3-Course Lunch,Casual Dress,4.0,$30 and under,(617) 520-9500,"149 Alewife Brook Parkway<br />Cambridge, MA  02140",http://www.summershackrestaurant.com
Summer Winter at Marriott Boston Burlington,"Burlington, MA ", Contemporary American,Fine Dining,2-Course Lunch &amp; 3-Course Dinner,Business Casual,4.0,$31 to $50,(781) 221-6643,"1 Mall Rd<br />Burlington, MA  01803",http://www.summerwinterrestaurant.com
Tangierino,Charlestown , Moroccan,Casual Elegant,3-Course Dinner only,Business Casual,4.0,$30 and under,(617) 242-6009,"73-83 Main Street<br />Charlestown, MA  02129",http://www.tangierino.com
Tapeo Restaurant and Tapas Bar,Back Bay , Spanish,Casual Elegant,3-Course Dinner only,Casual Dress,4.0,$31 to $50,(617) 267-4799,"266 Newbury Street<br />Boston, MA  02116",http://www.Tapeo.com
Taranta,North End , Italian,Casual Elegant,3-Course Dinner only,Casual Dress,4.4,$31 to $50,(617) 720-0052,"210 Hanover St.<br />Boston, MA  02113",http://www.tarantarist.com
Teatro,Theater District , Italian,Casual Elegant,3-Course Dinner only,Casual Dress,4.2,$30 and under,(617) 778-6841,"177 Tremont Street<br />Boston, MA  02111",http://www.teatroboston.com
Temple Bar,Cambridge , Contemporary American,Casual Dining,3-Course Dinner only,Business Casual,4.1,$30 and under,(617) 547-5055,"1688 Massachusetts Avenue<br />Cambridge, MA  02138",http://www.templebarcambridge.com
Terramia,North End , Italian,Casual Elegant,3-Course Dinner only,Casual Dress,4.2,$31 to $50,(617) 523-3112,"98 Salem St., North End<br />Boston, MA  02113",http://www.terramiaristorante.com
Top of the Hub,Back Bay , American,Fine Dining,3-Course Lunch &amp; 3-Course Dinner,Business Casual,4.3,$50 and over,(617) 536-1775,"800 Boylston Street<br />Prudential Building, 52nd Floor<br />Boston, MA  02199",http://www.topofthehub.net/
Toscano Restaurant,Beacon Hill , Italian,Casual Elegant,2-Course Lunch &amp; 3-Course Dinner,Smart Casual,4.5,$30 and under,(617) 723-4090,"41-47 Charles St.<br />Boston, MA  02114",http://www.toscanoboston.com
Towne Stove and Spirits,Back Bay , American,Casual Elegant,3-Course Lunch &amp; 3-Course Dinner,Business Casual,3.9,$31 to $50,(617) 247-0400,"900 Boylston Street<br />Boston, MA  02115",http://towneboston.com
Trattoria di Monica,North End , Italian,Casual Elegant,3-Course Lunch &amp; 3-Course Dinner,Business Casual,4.2,$31 to $50,(617) 720-5472,"67 Prince St<br />Boston, MA  02113",http://www.trattoriadimonica.com
Trattoria Il Panino,North End , Italian,Casual Dining,3-Course Lunch &amp; 3-Course Dinner,Casual Dress,4.0,$30 and under,(617) 720-1336,"11 Parmenter Street<br />Boston, MA  02113",http://www.trattoriailpanino.com
Tremont 647,South End , American,Casual Dining,3-Course Dinner only,Casual Dress,4.1,$30 and under,(617) 266-4600,"647 Tremont Street<br />Boston, MA  02118",http://www.tremont647.com
Tresca,North End , Italian,Casual Elegant,3-Course Dinner only,Business Casual,4.1,$31 to $50,(617) 742-8240,"233 Hanover St.<br />Boston, MA  02113",http://www.trescanorthend.com
Tryst Restaurant,Arlington , Contemporary American,Casual Elegant,3-Course Dinner only,Smart Casual,4.2,$30 and under,(781) 641-2227,"689 Massachusetts Avenue<br />Arlington, MA  02720",http://www.trystrestaurant.com
Umbria Prime,Financial District , Steakhouse,Fine Dining,2-Course Lunch &amp; 3-Course Dinner,Business Casual,3.9,$31 to $50,(617) 338-1000,"295 Franklin St.<br />Boston, MA  02110",http://www.umbriaprime.com 
Union Bar and Grill,South End , American,Casual Elegant,3-Course Dinner only,Business Casual,4.2,$30 and under,(617) 423-0555,"1357 Washington Street<br />Boston, MA  02118",http://www.unionrestaurant.com
Union Oyster House,Faneuil Hall , Seafood,Casual Dining,3-Course Lunch &amp; 3-Course Dinner ,Casual Dress,3.7,$30 and under,(617) 227-2750,"41 Union Street<br />Boston, MA  02108",http://www.unionoysterhouse.com
Upstairs on the Square,Harvard Square , Continental,Casual Elegant,2-Course Lunch &amp; 3-Course Dinner,Business Casual,4.1,$31 to $50,(617) 864-1933,"91 Winthrop Street<br />Cambridge, MA  02138",http://www.upstairsonthesquare.com
Venezia Restaurant,Neponset Circle , Italian,Casual Elegant,2-Course Lunch &amp; 3-Course Dinner,Smart Casual,4.0,$30 and under,(617) 436-3120,"20 Ericsson Street<br />Boston, MA  02122",http://www.veneziaboston.com
Via Matta,Back Bay , Italian,Casual Dining,3-Course Lunch &amp; 3-Course Dinner,Casual Dress,3.8,$31 to $50,(617) 422-0008,"79 Park Plaza<br />Boston, MA  02116",http://www.viamattarestaurant.com/
Villa Francesca,North End , Italian,Casual Elegant,3-Course Lunch &amp; 3-Course Dinner,Casual Dress,3.9,$31 to $50,(617) 367-2948,"150 Richmond Street<br />Boston, MA  02109",http://www.ristorantevillafrancesca.com
Vinoteca di Monica,North End , Italian,Casual Elegant,Dinner &amp; Lunch Lunch available Saturday only,Business Casual,4.3,$30 and under,(617) 227-0311,"143 Richmond St.<br />Boston, MA  02109",http://www.monicasboston.com
The Wine Cellar,Back Bay , Fondue,Casual Elegant,3-Course Dinner only,Business Casual,4.6,$30 and under,(617) 236-0080,"30 Massachusetts Ave.<br />Boston, MA  02115",http://www.bostoncellar.com
Woodward,Downtown Crossing , Contemporary American,Casual Elegant,3-Course Dinner only,Smart Casual,3.5,$31 to $50,(617) 979-8200,"1 Court Street<br />Boston, MA  02108",http://www.woodwardboston.com
Zebra's Bistro and Wine Bar,Medfield , Contemporary American,Casual Elegant,3-Course Dinner only,Casual Dress,4.2,$31 to $50,(508) 359-4100,"21 North St.<br />Medfield, MA  02052",http://www.zebrasbistro.com
Zocalo Boston,Back Bay , Mexican,Casual Elegant,3-Course Dinner only,Smart Casual,3.7,$30 and under,(617) 456-7849,"35 Stanhope Street<br />Boston, MA  02116",http://www.olerestaurantgroup.com
